<?xml version="1.0" encoding="UTF-8"?>
<project-private xmlns="http://www.netbeans.org/ns/project-private/1">
    <editor-bookmarks xmlns="http://www.netbeans.org/ns/editor-bookmarks/2" lastBookmarkId="0"/>
    <open-files xmlns="http://www.netbeans.org/ns/projectui-open-files/2">
        <group>
            <file>file:/C:/Users/loude/Downloads/ProjetoCaneta/ProjetoCaneta/src/DAO/Produto.java</file>
            <file>file:/C:/Users/loude/Downloads/ProjetoCaneta/ProjetoCaneta/src/DAO/Conexao.java</file>
            <file>file:/C:/Users/loude/Downloads/ProjetoCaneta/ProjetoCaneta/src/model/Usuario.java</file>
            <file>file:/C:/Users/loude/Downloads/ProjetoCaneta/ProjetoCaneta/src/DAO/Usuario.java</file>
            <file>file:/C:/Users/loude/Downloads/ProjetoCaneta/ProjetoCaneta/src/Interfaces_Graficas/CadastrarProduto.java</file>
            <file>file:/C:/Users/loude/Downloads/ProjetoCaneta/ProjetoCaneta/src/Interfaces_Graficas/TelaCadastrar.java</file>
            <file>file:/C:/Users/loude/Downloads/ProjetoCaneta/ProjetoCaneta/src/controller/UsuarioController.java</file>
            <file>file:/C:/Users/loude/Downloads/ProjetoCaneta/ProjetoCaneta/src/DAO/CadastraProduto.java</file>
            <file>file:/C:/Users/loude/Downloads/ProjetoCaneta/ProjetoCaneta/src/Action/conexao1.java</file>
            <file>file:/C:/Users/loude/Downloads/ProjetoCaneta/ProjetoCaneta/src/CadastrarProduto.java</file>
            <file>file:/C:/Users/loude/Downloads/ProjetoCaneta/ProjetoCaneta/src/Action/UsuarioCon.java</file>
            <file>file:/C:/Users/loude/Downloads/ProjetoCaneta/ProjetoCaneta/src/model/Produto.java</file>
            <file>file:/C:/Users/loude/Downloads/ProjetoCaneta/ProjetoCaneta/src/Action/conexao.java</file>
            <file>file:/C:/Users/loude/Downloads/ProjetoCaneta/ProjetoCaneta/src/controller/ProdutoController.java</file>
        </group>
    </open-files>
</project-private>
